Player,preds,model_rank,Fpros_rk,comb_rank
CeeDee Lamb,315.4572902352844,1,1,1
Tyreek Hill,307.6782848026378,2,2,2
Amon-Ra St. Brown,315.3740472,3,4,3.5
Puka Nacua,300.74135671356424,6,8,7
A.J. Brown,242.75970145405716,8,6,7
Mike Evans,265.19874848289527,4,15,9.5
Ja'Marr Chase,195.02302924698535,18,3,10.5
Nico Collins,175.08015105034264,11,18,14.5
Brandon Aiyuk,263.9052915240118,12,17,14.5
Davante Adams,222.93916747619173,19,10,14.5
Stefon Diggs,227.17173111708934,16,25,20.5
Justin Jefferson,165.6349786194846,38,5,21.5
Chris Olave,230.93674719063566,34,12,23
Amari Cooper,149.25361649644503,23,24,23.5
Keenan Allen,220.20353245032834,14,34,24
Michael Pittman Jr.,180.39987392751868,35,14,24.5
DeVonta Smith,235.22350202834673,31,20,25.5
Garrett Wilson,188.8799629712208,49,7,28
Jaylen Waddle,178.06145064753377,44,13,28.5
Calvin Ridley,232.76158853374696,24,36,30
Jayden Reed,215.51056293303512,25,37,31
George Pickens,167.99738266486486,32,30,31
Drake London,160.41436378719843,54,11,32.5
DeAndre Hopkins,187.78367310500096,29,39,34
Zay Flowers,232.81057585661028,42,26,34
Cooper Kupp,175.6461067914552,53,16,34.5
Terry McLaurin,139.70205795409845,41,29,35
Rashee Rice,267.23010053355034,39,32,35.5
Jordan Addison,180.85461751153275,27,45,36
Chris Godwin,214.5056545007148,45,33,39
Tank Dell,180.58845456065993,48,31,39.5
Jakobi Meyers,133.7342969269047,30,49,39.5
Courtland Sutton,169.23099036905492,40,42,41
Tee Higgins,109.21428003510579,57,27,42
Christian Kirk,169.5853953677795,59,28,43.5
Diontae Johnson,100.20937153928864,55,35,45
Tyler Lockett,162.41809614383263,46,48,47
Jaxon Smith-Njigba,110.14277038820734,63,38,50.5
Brandin Cooks,99.39763695756777,47,56,51.5
Adam Thielen,203.18890001934014,43,62,52.5
Romeo Doubs,144.38050695508244,51,54,52.5
Rashid Shaheed,96.14264156655788,52,55,53.5
Curtis Samuel,119.9622588237088,58,53,55.5
Josh Downs,130.37882588708322,60,59,59.5
Jerry Jeudy,134.0355450827756,62,60,61
Christian Watson,145.03527070937017,80,46,63
Dontayvion Wicks,55.46050134641847,67,64,65.5
Khalil Shakir,104.52768766426018,74,57,65.5
Jahan Dotson,127.06677565515533,73,61,67
Darius Slayton,135.6241220401954,56,82,69
Michael Wilson,85.03040203313925,72,67,69.5
Tyler Boyd,79.70650946416018,68,79,73.5
Wan'Dale Robinson,86.38773653489295,79,70,74.5
Josh Reynolds,85.35459352445116,61,93,77
Jameson Williams,66.42914898452683,104,51,77.5
Elijah Moore,132.85362876794704,78,80,79
Odell Beckham Jr.,81.58168193824626,77,88,82.5
Demarcus Robinson,61.18834818478751,96,73,84.5
Kendrick Bourne,66.81772582954741,88,87,87.5
K.J. Osborn,107.82782521737558,81,98,89.5
Quentin Johnston,131.77763520779024,103,76,89.5
Darnell Mooney,89.94972596460914,114,69,91.5
Alec Pierce,131.67044939484003,89,96,92.5
Tutu Atwell,111.49701689334212,76,110,93
Noah Brown,56.50849014604613,85,102,93.5
Rashod Bateman,89.88154012725138,118,71,94.5
Trey Palmer,105.06753849505621,101,100,100.5
Zay Jones,86.01506252113678,120,85,102.5
A.T. Perry,54.11352389650486,111,94,102.5
Kalif Raymond,45.40197907109897,93,113,103
Nelson Agholor,39.69952297699871,90,118,104
Mike Williams,62.72486098949325,156,58,107
Jalin Hyatt,32.912445174983255,136,81,108.5
Robert Woods,60.98392530159484,112,106,109
Jonathan Mingo,138.2574401246448,124,95,109.5
Michael Thomas,92.58934917381707,109,112,110.5
Greg Dortch,53.54608796456302,125,104,114.5
Justin Watson,73.15297559977981,94,136,115
Tre Tucker,57.633291933159235,108,122,115
Andrei Iosivas,29.28627665373419,145,91,118
Nick Westbrook-Ikhine,70.01723373158521,102,142,122
Cedrick Wilson Jr.,29.07972287746404,116,129,122.5
Jalen Tolbert,60.51493369420053,140,105,122.5
Allen Lazard,10.497185798726665,137,114,125.5
KaVontae Turpin,45.25723007954324,115,140,127.5
Marquez Valdes-Scantling,30.99896588,146,111,128.5
Xavier Gipson,42.621623976574625,132,126,129
Brandon Powell,79.88054431549352,134,130,132
Jauan Jennings,30.273612086817486,150,117,133.5
Trenton Irwin,42.25681710226123,133,135,134
Treylon Burks,71.40624335,177,92,134.5
Kadarius Toney,55.84699081887053,167,103,135
Chris Moore,25.971963207544785,117,154,135.5
Bo Melton,85.12801333789959,157,116,136.5
Skyy Moore,28.009337617543316,152,124,138
Jake Bobo,96.47431489312912,131,147,139
Isaiah Hodgins,49.91503334106492,129,150,139.5
JuJu Smith-Schuster,21.40746543820821,153,128,140.5
Cedric Tillman,49.668313971541025,185,99,142
Brandon Johnson,58.56478271647967,106,185,145.5
Braxton Berrios,63.14008645529812,154,146,150
Tyler Scott,54.027469629180544,198,108,153
David Bell,52.04891843605259,147,159,153
Van Jefferson,33.196128080188885,191,115,153
Mack Hollins,28.766519990415837,173,137,155
Hunter Renfrow,18.483547038940316,179,131,155
Parker Washington,42.491218223966094,186,134,160
Olamide Zaccheaus,37.56377311624265,163,161,162
Dyami Brown,21.75090189,180,144,162
Lil'Jordan Humphrey,57.190005033540416,148,181,164.5
Donovan Peoples-Jones,36.16726734298292,208,123,165.5
Quez Watkins,21.788043537866105,194,145,169.5
Deonte Harty,32.70878689531479,172,172,172
Jamison Crowder,23.890484849004366,193,155,174
Derius Davis,55.696275033557505,190,163,176.5
KhaDarel Hodge,19.44914508,182,176,179
Ronnie Bell,21.450514394665728,168,193,180.5
Xavier Hutchinson,49.55426246513596,220,141,180.5
Ihmir Smith-Marsette,12.446138363807954,176,191,183.5
Malik Heath,25.83156573857466,196,171,183.5
Charlie Jones,18.24211297651003,221,148,184.5
Parris Campbell,27.312514260755172,238,133,185.5
Jalen Reagor,17.314195021347473,188,186,187
Kyle Philips,37.12392893231709,209,167,188
Tyquan Thornton,18.566326821532357,225,151,188
Jalen Guyton,26.79380701420346,212,166,189
Jamal Agnew,66.93153186517723,165,213,189
Terrace Marshall Jr.,20.887710710856652,222,156,189
River Cracraft,13.442423750473985,199,184,191.5
Laviska Shenault Jr.,26.541952966066074,232,165,198.5
Jason Brownlee,33.65803748545601,229,174,201.5
Alex Erickson,52.72414086734583,158,252,205
Julio Jones,-2.351360917,174,241,207.5
Isaiah McKenzie,18.51071844021826,263,153,208
Robbie Chosen,14.526852512771958,195,222,208.5
Jalen Nailor,17.939233353917665,282,139,210.5
Sterling Shepard,9.182146052466189,241,182,211.5
Deven Thompkins,52.03992099449881,200,226,213
Jalen Brooks,26.595575433338357,258,168,213
Justyn Ross,8.847648827129182,269,158,213.5
David Moore,5.499511690044531,214,214,214
Samori Toure,15.331296873926703,250,180,215
Ben Skowronek,22.86919349809125,224,208,216
Byron Pringle,24.29801753517476,223,216,219.5
Rakim Jarrett,21.20092649166865,261,179,220
Velus Jones Jr.,7.145717417936777,256,187,221.5
D.J. Montgomery,3.2191020907831707,231,215,223
Devin Duvernay,14.509600617216023,278,169,223.5
Keith Kirkwood,9.090666906558992,240,211,225.5
Equanimeous St. Brown,7.235083198213147,264,188,226
Lynn Bowden Jr.,17.75054483473848,228,229,228.5
Simi Fehoko,12.864007179214095,254,207,230.5
Tim Jones,12.827880176637237,248,217,232.5
Kayshon Boutte,5.901462322,288,178,233
Tylan Wallace,10.633489799598522,257,210,233.5
DeAndre Carter,16.723501572211724,259,209,234
Randall Cobb,4.223027872319206,230,246,238
Elijah Cooks,30.048770194322106,272,204,238
Britain Covey,1.8853790897644536,273,206,239.5
Zach Pascal,9.969033425601651,295,189,242
Chris Conley,3.758285498422339,252,240,246
Erik Ezukanma,9.938253098262974,290,203,246.5
Trishton Jackson,11.371057379972044,280,218,249
Lawrence Cager,10.068027191103274,237,264,250.5
Marquise Goodwin,32.23276958661906,239,266,252.5
Tyler Johnson,11.42763687158535,255,256,255.5
Mike Strachan,4.050358847,270,249,259.5
Miles Boykin,3.696892234651204,289,234,261.5
Collin Johnson,-0.441226021,303,225,264
Keelan Doss,25.95246347251792,276,263,269.5
Chris Blair,0.7490193974026449,315,224,269.5
Cody Thompson,4.300807243428472,309,232,270.5
Mason Kinsey,-0.403262503,304,237,270.5
Malik Taylor,2.781464132,308,248,278
Tre'Quan Smith,5.286925682,366,195,280.5
Laquon Treadwell,14.338220314630854,296,272,284
Austin Trammell,-0.37965783,310,259,284.5
Gunner Olszewski,0.492378716,294,277,285.5
Antoine Green,12.218448162869906,335,251,293
Kwamie Lassiter II,7.214314237766592,351,235,293
Colton Dowell,2.94857954,328,270,299
N'Keal Harry,5.363730583,337,261,299
Marquez Callaway,3.532185843369993,319,283,301
Irvin Charles,-0.41765892,321,284,302.5
Damiere Byrd,11.462484476061189,318,288,303
Shedrick Jackson,6.868905704,344,262,303
Dareke Young,6.097147477944572,380,227,303.5
DJ Turner,2.8163215116177445,370,243,306.5
Stanley Morgan Jr.,6.868905704,359,260,309.5
Juwann Winfree,0.7159059353698409,378,245,311.5
Andy Isabella,0.9577460143847355,341,286,313.5
Trent Taylor,26.91992654916102,383,244,313.5
Lucky Jackson,6.878465594889673,343,285,314
Kristian Wilkerson,3.448712652309873,375,271,323
